{"cameraMode":{"drawMode":0,"name":"Shaded","section":"Shading Mode"},"sceneLighting":true,"audioPlay":false,"sceneViewState":{"m_AlwaysRefresh":false,"showFog":true,"showSkybox":true,"showFlares":true,"showImageEffects":true,"showParticleSystems":true,"showVisualEffectGraphs":true,"m_FxEnabled":true},"in2DMode":false,"pivot":{"x":-34.7584114074707,"y":6.503496170043945,"z":19.13913345336914},"rotation":{"x":0.025600623339414598,"y":0.24344219267368318,"z":-0.006428962107747793,"w":0.9695602059364319},"size":6.209874153137207,"orthographic":false}